Model,Split,Threshold,Accuracy,BalancedAcc,F1_binary,F1_macro,Precision_UP,Recall_UP,Precision_DOWN,Recall_DOWN,AUC,MCC,LogLoss,Brier,TP,FP,TN,FN,PosRate,TargetUpRate,Coverage,N,Experiment,ModelType,Scheme,FeatureSet,FeatureCount,ThresholdMode,Margin,SourceGroup,ModelConfig,TestEvidence,CommonMetricSet,ComparableUse,Device,Lookback,Epochs,FinalRefit
BASE_LogReg,test,0.5925,0.5083333333333333,0.5063096668858704,0.1413721413721413,0.3984592149729764,0.5396825396825397,0.0813397129186602,0.5057915057915058,0.9312796208530806,0.5250289122202317,0.0239552114953782,0.7006776743471749,0.2534591168520317,34,29,393,384,0.075,0.4976190476190476,1.0,840,baseline,LogisticRegression,uniform,all,27.0,val_f1_macro,,ml,BASE_LogReg,current_unified_test_run,full_common_metrics,primary,,,,
BASE_LogReg_th05,test,0.5,0.5166666666666667,0.5163382389623348,0.4794871794871795,0.5141880341880342,0.5165745856353591,0.4473684210526316,0.5167364016736402,0.5853080568720379,0.5250289122202317,0.0329922072837126,0.7006776743471749,0.2534591168520317,187,175,247,231,0.430952380952381,0.4976190476190476,1.0,840,baseline,LogisticRegression,uniform,all,27.0,fixed_0.5,,ml,BASE_LogReg,current_unified_test_run,full_common_metrics,primary,,,,
BASE_SVM_RBF,test,0.5425,0.4916666666666666,0.4897673416630763,0.151093439363817,0.3941533466997505,0.4470588235294118,0.0909090909090909,0.4966887417218543,0.8886255924170616,0.5156125989251457,-0.0339296904024746,0.6942142566012218,0.2505271504618358,38,47,375,380,0.1011904761904761,0.4976190476190476,1.0,840,baseline,SVM_RBF,uniform,all,27.0,val_f1_macro,,ml,BASE_SVM_RBF,current_unified_test_run,full_common_metrics,primary,,,,
BASE_SVM_RBF_th05,test,0.5,0.5107142857142857,0.510414068346221,0.4764331210191083,0.5086076219620681,0.5095367847411444,0.4473684210526316,0.5116279069767442,0.5734597156398105,0.5156125989251457,0.0209957398572562,0.6942142566012218,0.2505271504618358,187,180,242,231,0.4369047619047619,0.4976190476190476,1.0,840,baseline,SVM_RBF,uniform,all,27.0,fixed_0.5,,ml,BASE_SVM_RBF,current_unified_test_run,full_common_metrics,primary,,,,
BASE_RandomForest,test,0.5249999999999999,0.5190476190476191,0.517381346515794,0.2573529411764705,0.4508595691797846,0.5555555555555556,0.1674641148325359,0.5126050420168067,0.8672985781990521,0.534898750538561,0.0486769548170141,0.6951615596291572,0.2509377023649994,70,56,366,348,0.15,0.4976190476190476,1.0,840,baseline,RandomForest,uniform,all,27.0,val_f1_macro,,ml,BASE_RandomForest,current_unified_test_run,full_common_metrics,primary,,,,
BASE_RandomForest_th05,test,0.5,0.5142857142857142,0.5131635637996326,0.3625,0.4850961538461538,0.5225225225225225,0.277511961722488,0.511326860841424,0.7488151658767772,0.534898750538561,0.0298522534321794,0.6951615596291572,0.2509377023649994,116,106,316,302,0.2642857142857143,0.4976190476190476,1.0,840,baseline,RandomForest,uniform,all,27.0,fixed_0.5,,ml,BASE_RandomForest,current_unified_test_run,full_common_metrics,primary,,,,
BASE_GBM,test,0.5325,0.5321428571428571,0.5308340325177442,0.3525535420098847,0.493145363735604,0.5661375661375662,0.2559808612440191,0.522273425499232,0.8056872037914692,0.5424556112383501,0.0738385724544433,0.8167729785443406,0.2929334307483083,107,82,340,311,0.225,0.4976190476190476,1.0,840,baseline,GBM,uniform,all,27.0,val_f1_macro,,ml,BASE_GBM,current_unified_test_run,full_common_metrics,primary,,,,
BASE_GBM_th05,test,0.5,0.5238095238095238,0.5227556180412254,0.3865030674846625,0.4986990045594519,0.5384615384615384,0.3014354066985646,0.5181518151815182,0.7440758293838863,0.5424556112383501,0.0507596661047768,0.8167729785443406,0.2929334307483083,126,108,314,292,0.2785714285714286,0.4976190476190476,1.0,840,baseline,GBM,uniform,all,27.0,fixed_0.5,,ml,BASE_GBM,current_unified_test_run,full_common_metrics,primary,,,,
BASE_MLP,test,0.5425,0.5261904761904762,0.5263498038504275,0.5404157043879908,0.5257361077222509,0.5223214285714286,0.5598086124401914,0.5306122448979592,0.4928909952606635,0.5369452822059457,0.0528165109222663,3.382164044230625,0.4307879419938711,234,214,208,184,0.5333333333333333,0.4976190476190476,1.0,840,baseline,MLP,uniform,all,27.0,val_f1_macro,,ml,BASE_MLP,current_unified_test_run,full_common_metrics,primary,,,,
BASE_MLP_th05,test,0.5,0.5238095238095238,0.523991473729563,0.5402298850574713,0.5232013622818221,0.5199115044247787,0.562200956937799,0.5283505154639175,0.485781990521327,0.5369452822059457,0.0481222813735031,3.382164044230625,0.4307879419938711,235,217,205,183,0.5380952380952381,0.4976190476190476,1.0,840,baseline,MLP,uniform,all,27.0,fixed_0.5,,ml,BASE_MLP,current_unified_test_run,full_common_metrics,primary,,,,
BASE_XGB,test,0.5399999999999999,0.5238095238095238,0.5220526542551985,0.2424242424242424,0.4476010101010101,0.5818181818181818,0.1531100478468899,0.5150684931506849,0.8909952606635071,0.5366164765640944,0.0653698454185753,0.7452070631877976,0.2711245353187488,64,46,376,354,0.1309523809523809,0.4976190476190476,1.0,840,baseline,XGB_small,uniform,all,27.0,val_f1_macro,,ml,BASE_XGB,current_unified_test_run,full_common_metrics,primary,,,,
BASE_XGB_th05,test,0.5,0.525,0.5237023515272455,0.3448275862068966,0.4861392832995267,0.5497382198952879,0.2511961722488038,0.5177195685670262,0.7962085308056872,0.5366164765640944,0.0565492389937183,0.7452070631877976,0.2711245353187488,105,86,336,313,0.2273809523809523,0.4976190476190476,1.0,840,baseline,XGB_small,uniform,all,27.0,fixed_0.5,,ml,BASE_XGB,current_unified_test_run,full_common_metrics,primary,,,,
BASE_LGBM,test,0.5549999999999999,0.5214285714285715,0.5195469285017801,0.2055335968379446,0.4315572583849008,0.5909090909090909,0.124401913875598,0.5132978723404256,0.914691943127962,0.5448989773010726,0.0638267351511249,0.7422866671463951,0.2704397767775494,52,36,386,366,0.1047619047619047,0.4976190476190476,1.0,840,baseline,LGBM_small,uniform,all,27.0,val_f1_macro,,ml,BASE_LGBM,current_unified_test_run,full_common_metrics,primary,,,,
BASE_LGBM_th05,test,0.5,0.5297619047619048,0.5283509830154879,0.3293718166383701,0.4836593272009449,0.5672514619883041,0.2320574162679425,0.5201793721973094,0.8246445497630331,0.5448989773010726,0.0704095177518816,0.7422866671463951,0.2704397767775494,97,74,348,321,0.2035714285714285,0.4976190476190476,1.0,840,baseline,LGBM_small,uniform,all,27.0,fixed_0.5,,ml,BASE_LGBM,current_unified_test_run,full_common_metrics,primary,,,,
FS_GBM,test,0.4624999999999999,0.5202380952380953,0.5193485113041112,0.408223201174743,0.5024098988856698,0.5285171102661597,0.3325358851674641,0.5164644714038128,0.7061611374407583,0.5301140615433456,0.0417211371230043,0.8484168538468703,0.300501655997877,139,124,298,279,0.3130952380952381,0.4976190476190476,1.0,840,feature_selection,GBM,uniform,SPEARMAN_TOP_25,25.0,val_f1_macro,,ml,FS_GBM,current_unified_test_run,full_common_metrics,primary,,,,
FS_GBM_th05,test,0.5,0.5023809523809524,0.5012358556883376,0.3427672955974842,0.4711920769175161,0.5,0.2607655502392344,0.5032154340836013,0.7417061611374408,0.5301140615433456,0.002819153242622,0.8484168538468703,0.300501655997877,109,109,313,309,0.2595238095238095,0.4976190476190476,1.0,840,feature_selection,GBM,uniform,SPEARMAN_TOP_25,25.0,fixed_0.5,,ml,FS_GBM,current_unified_test_run,full_common_metrics,primary,,,,
FS_XGB,test,0.52,0.5238095238095238,0.5225061792784417,0.3421052631578947,0.4844854673998429,0.5473684210526316,0.2488038277511961,0.5169230769230769,0.7962085308056872,0.5407832377151409,0.0537950923323097,0.7911153815951877,0.2853445446021287,104,86,336,314,0.2261904761904762,0.4976190476190476,1.0,840,feature_selection,XGB,uniform,SPEARMAN_TOP_25,25.0,val_f1_macro,,ml,FS_XGB,current_unified_test_run,full_common_metrics,primary,,,,
FS_XGB_th05,test,0.5,0.5226190476190476,0.5214460645366108,0.3645007923930269,0.4911159824691541,0.539906103286385,0.2751196172248804,0.5167464114832536,0.7677725118483413,0.5407832377151409,0.0492944923477454,0.7911153815951877,0.2853445446021287,115,98,324,303,0.2535714285714285,0.4976190476190476,1.0,840,feature_selection,XGB,uniform,SPEARMAN_TOP_25,25.0,fixed_0.5,,ml,FS_XGB,current_unified_test_run,full_common_metrics,primary,,,,
FS_LGBM,test,0.4999999999999999,0.5107142857142857,0.5093369464160185,0.3092436974789916,0.4652209270805096,0.519774011299435,0.2200956937799043,0.5082956259426847,0.7985781990521327,0.5311288237828522,0.0228947460718283,0.7913823149479592,0.2874112300763508,92,85,337,326,0.2107142857142857,0.4976190476190476,1.0,840,feature_selection,LGBM,uniform,SPEARMAN_TOP_25,25.0,val_f1_macro,,ml,FS_LGBM,current_unified_test_run,full_common_metrics,primary,,,,
FS_LGBM_th05,test,0.5,0.5107142857142857,0.5093369464160185,0.3092436974789916,0.4652209270805096,0.519774011299435,0.2200956937799043,0.5082956259426847,0.7985781990521327,0.5311288237828522,0.0228947460718283,0.7913823149479592,0.2874112300763508,92,85,337,326,0.2107142857142857,0.4976190476190476,1.0,840,feature_selection,LGBM,uniform,SPEARMAN_TOP_25,25.0,fixed_0.5,,ml,FS_LGBM,current_unified_test_run,full_common_metrics,primary,,,,
FS_LGBM_small,test,0.5249999999999999,0.5202380952380953,0.5185661806390168,0.2578268876611418,0.4516926874541417,0.56,0.1674641148325359,0.5132867132867133,0.8696682464454977,0.5329372548130343,0.0521661644616689,0.7382905536203352,0.2691505355068683,70,55,367,348,0.1488095238095238,0.4976190476190476,1.0,840,feature_selection,LGBM_small,uniform,SPEARMAN_TOP_25,25.0,val_f1_macro,,ml,FS_LGBM_small,current_unified_test_run,full_common_metrics,primary,,,,
FS_LGBM_small_th05,test,0.5,0.530952380952381,0.5296038458921971,0.3433333333333333,0.4892592592592593,0.5659340659340659,0.2464114832535885,0.5212765957446809,0.8127962085308057,0.5329372548130343,0.0718577899534095,0.7382905536203352,0.2691505355068683,103,79,343,315,0.2166666666666666,0.4976190476190476,1.0,840,feature_selection,LGBM_small,uniform,SPEARMAN_TOP_25,25.0,fixed_0.5,,ml,FS_LGBM_small,current_unified_test_run,full_common_metrics,primary,,,,
GBM_exp100,test,0.6399999999999999,0.5142857142857142,0.5131295494228894,0.3564668769716088,0.4832047577974679,0.5231481481481481,0.2703349282296651,0.5112179487179487,0.7559241706161137,0.5102780108392481,0.0300403517714165,0.8214580095438496,0.2946727549191533,113,103,319,305,0.2571428571428571,0.4976190476190476,1.0,840,weight_decay,GBM,exp_hl100,all,27.0,val_f1_macro,,ml,GBM_exp100,current_unified_test_run,full_common_metrics,primary,,,,
GBM_exp100_th05,test,0.5,0.5261904761904762,0.5260323363341572,0.508641975308642,0.525585355470413,0.5255102040816326,0.492822966507177,0.5267857142857143,0.5592417061611374,0.5102780108392481,0.0521801674171788,0.8214580095438496,0.2946727549191533,206,186,236,212,0.4666666666666667,0.4976190476190476,1.0,840,weight_decay,GBM,exp_hl100,all,27.0,fixed_0.5,,ml,GBM_exp100,current_unified_test_run,full_common_metrics,primary,,,,
GBM_exp250,test,0.5525,0.5071428571428571,0.5057824440463502,0.3076923076923077,0.4625337693729561,0.5111111111111111,0.2200956937799043,0.5060606060606061,0.7914691943127962,0.5314349531735414,0.0140921604961912,0.7764990491146699,0.2828234095029864,92,88,334,326,0.2142857142857142,0.4976190476190476,1.0,840,weight_decay,GBM,exp_hl250,all,27.0,val_f1_macro,,ml,GBM_exp250,current_unified_test_run,full_common_metrics,primary,,,,
GBM_exp250_th05,test,0.5,0.5142857142857142,0.513208916301957,0.3703703703703703,0.487510766580534,0.5217391304347826,0.2870813397129186,0.5114754098360655,0.7393364928909952,0.5314349531735414,0.0296218865856181,0.7764990491146699,0.2828234095029864,120,110,312,298,0.2738095238095238,0.4976190476190476,1.0,840,weight_decay,GBM,exp_hl250,all,27.0,fixed_0.5,,ml,GBM_exp250,current_unified_test_run,full_common_metrics,primary,,,,
XGB_step50_3,test,0.495,0.5357142857142857,0.5345359305199664,0.3809523809523809,0.5047619047619047,0.5660377358490566,0.2870813397129186,0.5254777070063694,0.7819905213270142,0.5462822286219643,0.0795056095625831,0.8095315550410401,0.2915399104717822,120,92,330,298,0.2523809523809524,0.4976190476190476,1.0,840,weight_decay,XGB,step_50pct_3x,all,27.0,val_f1_macro,,ml,XGB_step50_3,current_unified_test_run,full_common_metrics,primary,,,,
XGB_step50_3_th05,test,0.5,0.5333333333333333,0.5321209097711966,0.3717948717948718,0.5002913752913754,0.5631067961165048,0.277511961722488,0.5236593059936908,0.7867298578199052,0.5462822286219643,0.0746593080209029,0.8095315550410401,0.2915399104717822,116,90,332,302,0.2452380952380952,0.4976190476190476,1.0,840,weight_decay,XGB,step_50pct_3x,all,27.0,fixed_0.5,,ml,XGB_step50_3,current_unified_test_run,full_common_metrics,primary,,,,
XGB_exp100,test,0.6724999999999999,0.5,0.4988888636930542,0.3457943925233644,0.4705850575333585,0.4955357142857143,0.2655502392344497,0.5016233766233766,0.7322274881516587,0.4991779858953717,-0.0025126230260989,0.823966447922927,0.2973856139500458,111,113,309,307,0.2666666666666666,0.4976190476190476,1.0,840,weight_decay,XGB,exp_hl100,all,27.0,val_f1_macro,,ml,XGB_exp100,current_unified_test_run,full_common_metrics,primary,,,,
XGB_exp100_th05,test,0.5,0.4976190476190476,0.4977323748837842,0.5081585081585082,0.4973882565123441,0.4954545454545455,0.5215311004784688,0.5,0.4739336492890995,0.4991779858953717,-0.0045403495222041,0.823966447922927,0.2973856139500458,218,222,200,200,0.5238095238095238,0.4976190476190476,1.0,840,weight_decay,XGB,exp_hl100,all,27.0,fixed_0.5,,ml,XGB_exp100,current_unified_test_run,full_common_metrics,primary,,,,
XGB_linear03,test,0.5149999999999999,0.5285714285714286,0.5272341776457516,0.3421926910299003,0.4874228761271951,0.5597826086956522,0.2464114832535885,0.5198170731707317,0.8080568720379147,0.5595591736774077,0.0658457572892044,0.7810552959000407,0.2830219074952138,103,81,341,315,0.219047619047619,0.4976190476190476,1.0,840,weight_decay,XGB,linear_03,all,27.0,val_f1_macro,,ml,XGB_linear03,current_unified_test_run,full_common_metrics,primary,,,,
XGB_linear03_th05,test,0.5,0.5261904761904762,0.5249438762783737,0.3559870550161812,0.4906112299563015,0.55,0.2631578947368421,0.51875,0.7867298578199052,0.5595591736774077,0.0585643491236467,0.7810552959000407,0.2830219074952138,110,90,332,308,0.238095238095238,0.4976190476190476,1.0,840,weight_decay,XGB,linear_03,all,27.0,fixed_0.5,,ml,XGB_linear03,current_unified_test_run,full_common_metrics,primary,,,,
LGBM_exp100,test,0.58,0.5202380952380953,0.5197113313227057,0.4590604026845638,0.5140221799519076,0.5229357798165137,0.4090909090909091,0.5185185185185185,0.6303317535545023,0.5233792149481847,0.0404257197643309,0.811267707129086,0.2904569017706411,171,156,266,247,0.3892857142857143,0.4976190476190476,1.0,840,weight_decay,LGBM,exp_hl100,all,27.0,val_f1_macro,,ml,LGBM_exp100,current_unified_test_run,full_common_metrics,primary,,,,
LGBM_exp100_th05,test,0.5,0.5345238095238095,0.5346776570897299,0.5479768786127167,0.5341111386928614,0.5302013422818792,0.5669856459330144,0.539440203562341,0.5023696682464455,0.5233792149481847,0.0694982826548192,0.811267707129086,0.2904569017706411,237,210,212,181,0.5321428571428571,0.4976190476190476,1.0,840,weight_decay,LGBM,exp_hl100,all,27.0,fixed_0.5,,ml,LGBM_exp100,current_unified_test_run,full_common_metrics,primary,,,,
LGBM_step50_3,test,0.4674999999999999,0.5285714285714286,0.5275289689108597,0.3944954128440367,0.5042652502816675,0.5466101694915254,0.3086124401913875,0.5215231788079471,0.7464454976303317,0.5580058504727998,0.0612477073387886,0.8060497827441313,0.2905123968430052,129,107,315,289,0.2809523809523809,0.4976190476190476,1.0,840,weight_decay,LGBM,step_50pct_3x,all,27.0,val_f1_macro,,ml,LGBM_step50_3,current_unified_test_run,full_common_metrics,primary,,,,
LGBM_step50_3_th05,test,0.5,0.5190476190476191,0.5177781809111318,0.3420195439739413,0.4815163385910982,0.5357142857142857,0.2511961722488038,0.5139751552795031,0.7843601895734598,0.5580058504727998,0.0420330315671041,0.8060497827441313,0.2905123968430052,105,91,331,313,0.2333333333333333,0.4976190476190476,1.0,840,weight_decay,LGBM,step_50pct_3x,all,27.0,fixed_0.5,,ml,LGBM_step50_3,current_unified_test_run,full_common_metrics,primary,,,,
LGBM_linear01,test,0.5399999999999999,0.513095238095238,0.5116499240345586,0.2984562607204116,0.4628106280812633,0.5272727272727272,0.208133971291866,0.5096296296296297,0.8151658767772512,0.5400405904895803,0.0293226756831168,0.8158423233716703,0.2942542414980937,87,78,344,331,0.1964285714285714,0.4976190476190476,1.0,840,weight_decay,LGBM,linear_01,all,27.0,val_f1_macro,,ml,LGBM_linear01,current_unified_test_run,full_common_metrics,primary,,,,
LGBM_linear01_th05,test,0.5,0.5190476190476191,0.5177781809111318,0.3420195439739413,0.4815163385910982,0.5357142857142857,0.2511961722488038,0.5139751552795031,0.7843601895734598,0.5400405904895803,0.0420330315671041,0.8158423233716703,0.2942542414980937,105,91,331,313,0.2333333333333333,0.4976190476190476,1.0,840,weight_decay,LGBM,linear_01,all,27.0,fixed_0.5,,ml,LGBM_linear01,current_unified_test_run,full_common_metrics,primary,,,,
LGBM_linear03,test,0.5225,0.5083333333333333,0.5069105875416676,0.2964224872231686,0.4592816919189951,0.514792899408284,0.208133971291866,0.5067064083457526,0.8056872037914692,0.5489126737567745,0.0172379145095642,0.7912621867000537,0.2858227312233202,87,82,340,331,0.2011904761904762,0.4976190476190476,1.0,840,weight_decay,LGBM,linear_03,all,27.0,val_f1_macro,,ml,LGBM_linear03,current_unified_test_run,full_common_metrics,primary,,,,
LGBM_linear03_th05,test,0.5,0.5190476190476191,0.5177895190367128,0.3441558441558441,0.4822282980177717,0.5353535353535354,0.2535885167464115,0.514018691588785,0.7819905213270142,0.5489126737567745,0.0419120071357914,0.7912621867000537,0.2858227312233202,106,92,330,312,0.2357142857142857,0.4976190476190476,1.0,840,weight_decay,LGBM,linear_03,all,27.0,fixed_0.5,,ml,LGBM_linear03,current_unified_test_run,full_common_metrics,primary,,,,
LGBM_small_step50_3,test,0.59,0.5059523809523809,0.5039173223882628,0.1336116910229645,0.3940331560860035,0.5245901639344263,0.0765550239234449,0.5044929396662388,0.9312796208530806,0.5396664323454047,0.0150948927028349,0.732822104156879,0.2673165380666124,32,29,393,386,0.0726190476190476,0.4976190476190476,1.0,840,weight_decay,LGBM_small,step_50pct_3x,all,27.0,val_f1_macro,,ml,LGBM_small_step50_3,current_unified_test_run,full_common_metrics,primary,,,,
LGBM_small_step50_3_th05,test,0.5,0.5238095238095238,0.5225288555296038,0.3464052287581699,0.4859366967760887,0.5463917525773195,0.2535885167464115,0.5170278637770898,0.7914691943127962,0.5396664323454047,0.0534559888991194,0.732822104156879,0.2673165380666124,106,88,334,312,0.2309523809523809,0.4976190476190476,1.0,840,weight_decay,LGBM_small,step_50pct_3x,all,27.0,fixed_0.5,,ml,LGBM_small_step50_3,current_unified_test_run,full_common_metrics,primary,,,,
ENS_FINAL3,test,0.6549999999999999,0.4952380952380952,0.4934692396652985,0.1939163498098859,0.4132493360834525,0.4722222222222222,0.1220095693779904,0.4986338797814207,0.8649289099526066,0.535119843987392,-0.0195106029139641,0.7423714942038231,0.2697286316457692,51,57,365,367,0.1285714285714285,0.4976190476190476,1.0,840,ensemble,average_proba_ensemble,"LGBM_exp100,GBM_exp100,XGB_linear03",from_members,,val_f1_macro,,ml,ENS_FINAL3,current_unified_test_run,full_common_metrics,primary,,,,
ENS_FINAL3_th05,test,0.5,0.5476190476190477,0.5470418830358965,0.483695652173913,0.5405766396462786,0.559748427672956,0.4258373205741627,0.5402298850574713,0.6682464454976303,0.535119843987392,0.0969862680340989,0.7423714942038231,0.2697286316457692,178,140,282,240,0.3785714285714285,0.4976190476190476,1.0,840,ensemble,average_proba_ensemble,"LGBM_exp100,GBM_exp100,XGB_linear03",from_members,,fixed_0.5,,ml,ENS_FINAL3,current_unified_test_run,full_common_metrics,primary,,,,
ENS_XGB_LGBM_STEP,test,0.5774999999999999,0.5154761904761904,0.5136907866391528,0.2217973231357552,0.4350127497269096,0.5523809523809524,0.138755980861244,0.5102040816326531,0.8886255924170616,0.5530851039706116,0.0413965783002507,0.8017387048220312,0.2892864477563056,58,47,375,360,0.125,0.4976190476190476,1.0,840,ensemble,average_proba_ensemble,"XGB_step50_3,LGBM_step50_3",from_members,,val_f1_macro,,ml,ENS_XGB_LGBM_STEP,current_unified_test_run,full_common_metrics,primary,,,,
ENS_XGB_LGBM_STEP_th05,test,0.5,0.5202380952380953,0.5190197056622599,0.3531300160513643,0.4859311385838657,0.5365853658536586,0.2631578947368421,0.5149606299212598,0.7748815165876777,0.5530851039706116,0.0442806880639188,0.8017387048220312,0.2892864477563056,110,95,327,308,0.244047619047619,0.4976190476190476,1.0,840,ensemble,average_proba_ensemble,"XGB_step50_3,LGBM_step50_3",from_members,,fixed_0.5,,ml,ENS_XGB_LGBM_STEP,current_unified_test_run,full_common_metrics,primary,,,,
ENS_TOP3_VAL,test,0.565,0.5214285714285715,0.5195582666273612,0.2086614173228346,0.4328290021767756,0.5888888888888889,0.1267942583732057,0.5133333333333333,0.9123222748815166,0.5416562733848841,0.0632343178576884,0.7685171580348711,0.2797613901436917,53,37,385,365,0.1071428571428571,0.4976190476190476,1.0,840,ensemble,average_proba_ensemble,"BASE_LGBM,FS_LGBM,BASE_GBM",from_members,,val_f1_macro,,ml,ENS_TOP3_VAL,current_unified_test_run,full_common_metrics,primary,,,,
ENS_TOP3_VAL_th05,test,0.5,0.5214285714285715,0.5201138347808341,0.3366336633663366,0.4811659936943415,0.5425531914893617,0.2440191387559808,0.5153374233128835,0.7962085308056872,0.5416562733848841,0.048257688744764,0.7685171580348711,0.2797613901436917,102,86,336,316,0.2238095238095238,0.4976190476190476,1.0,840,ensemble,average_proba_ensemble,"BASE_LGBM,FS_LGBM,BASE_GBM",from_members,,fixed_0.5,,ml,ENS_TOP3_VAL,current_unified_test_run,full_common_metrics,primary,,,,
ENS_TOP5_VAL,test,0.5499999999999999,0.5238095238095238,0.5219506111249689,0.2156862745098039,0.436902966314731,0.5978260869565217,0.131578947368421,0.5147058823529411,0.9123222748815166,0.5395473820268033,0.0702872036353552,0.7308019628949591,0.2664330395817353,55,37,385,363,0.1095238095238095,0.4976190476190476,1.0,840,ensemble,average_proba_ensemble,"BASE_LGBM,FS_LGBM,BASE_GBM,FS_LGBM_small,BASE_SVM_RBF",from_members,,val_f1_macro,,ml,ENS_TOP5_VAL,current_unified_test_run,full_common_metrics,primary,,,,
ENS_TOP5_VAL_th05,test,0.5,0.5178571428571429,0.5165366561600037,0.3305785123966942,0.4769171631750913,0.5347593582887701,0.2392344497607655,0.5130168453292496,0.7938388625592417,0.5395473820268033,0.0397506893490292,0.7308019628949591,0.2664330395817353,100,87,335,318,0.2226190476190476,0.4976190476190476,1.0,840,ensemble,average_proba_ensemble,"BASE_LGBM,FS_LGBM,BASE_GBM,FS_LGBM_small,BASE_SVM_RBF",from_members,,fixed_0.5,,ml,ENS_TOP5_VAL,current_unified_test_run,full_common_metrics,primary,,,,
DL_MLP_L5,test,0.4774999999999999,0.4928571428571429,0.4929930383908932,0.505800464037123,0.4925090339745517,0.4909909909909909,0.5215311004784688,0.494949494949495,0.4644549763033175,0.4946710809768929,-0.0140367001291408,0.7518845024180569,0.2749706035654107,218,226,196,200,0.5285714285714286,0.4976190476190476,1.0,840,deep_learning,MLP,,,,val_f1_macro,,dl,DL_MLP_L5,current_unified_test_run,full_common_metrics,primary,cuda,5.0,22.0,train_full
DL_MLP_L5_th05,test,0.5,0.4892857142857142,0.4891324066305358,0.471023427866831,0.4886762708954408,0.4860050890585242,0.4569377990430622,0.4921700223713646,0.5213270142180095,0.4946710809768929,-0.0217799914744627,0.7518845024180569,0.2749706035654107,191,202,220,227,0.4678571428571428,0.4976190476190476,1.0,840,deep_learning,MLP,,,,fixed_0.5,,dl,DL_MLP_L5,current_unified_test_run,full_common_metrics,primary,cuda,5.0,22.0,train_full
DL_GRU_L5,test,0.5874999999999999,0.5,0.4980498424000544,0.1497975708502024,0.3978330181401096,0.4868421052631579,0.0885167464114832,0.5013089005235603,0.9075829383886256,0.520187532597111,-0.0067981477060656,0.7012685026811634,0.2538429395413891,37,39,383,381,0.0904761904761904,0.4976190476190476,1.0,840,deep_learning,GRU,,,,val_f1_macro,,dl,DL_GRU_L5,current_unified_test_run,full_common_metrics,primary,cuda,5.0,15.0,train_full
DL_GRU_L5_th05,test,0.5,0.5190476190476191,0.5185605115762262,0.4627659574468085,0.5137105649303009,0.5209580838323353,0.416267942583732,0.5177865612648221,0.6208530805687204,0.520187532597111,0.0379241462354149,0.7012685026811634,0.2538429395413891,174,160,262,244,0.3976190476190476,0.4976190476190476,1.0,840,deep_learning,GRU,,,,fixed_0.5,,dl,DL_GRU_L5,current_unified_test_run,full_common_metrics,primary,cuda,5.0,15.0,train_full
DL_MLP_L10,test,0.4999999999999999,0.4976190476190476,0.497562303000068,0.4903381642512077,0.4975164999659794,0.4951219512195122,0.485645933014354,0.5,0.509478672985782,0.5122281684391936,-0.0048767212095252,0.8020076194488222,0.288839376102056,203,207,215,215,0.4880952380952381,0.4976190476190476,1.0,840,deep_learning,MLP,,,,val_f1_macro,,dl,DL_MLP_L10,current_unified_test_run,full_common_metrics,primary,cuda,10.0,21.0,train_full
DL_MLP_L10_th05,test,0.5,0.4976190476190476,0.497562303000068,0.4903381642512077,0.4975164999659794,0.4951219512195122,0.485645933014354,0.5,0.509478672985782,0.5122281684391936,-0.0048767212095252,0.8020076194488222,0.288839376102056,203,207,215,215,0.4880952380952381,0.4976190476190476,1.0,840,deep_learning,MLP,,,,fixed_0.5,,dl,DL_MLP_L10,current_unified_test_run,full_common_metrics,primary,cuda,10.0,21.0,train_full
DL_GRU_L10,test,0.4024999999999999,0.513095238095238,0.5135774053833421,0.5568797399783315,0.5082945595532344,0.5089108910891089,0.6148325358851675,0.5194029850746269,0.4123222748815165,0.5193428422413207,0.0277282878897628,0.7885189227881638,0.2882003341134991,257,248,174,161,0.6011904761904762,0.4976190476190476,1.0,840,deep_learning,GRU,,,,val_f1_macro,,dl,DL_GRU_L10,current_unified_test_run,full_common_metrics,primary,cuda,10.0,34.0,train_full
DL_GRU_L10_th05,test,0.5,0.513095238095238,0.5130558516066124,0.5078219013237064,0.5130393369987201,0.5108958837772397,0.5047846889952153,0.5152224824355972,0.5213270142180095,0.5193428422413207,0.0261150345005308,0.7885189227881638,0.2882003341134991,211,202,220,207,0.4916666666666666,0.4976190476190476,1.0,840,deep_learning,GRU,,,,fixed_0.5,,dl,DL_GRU_L10,current_unified_test_run,full_common_metrics,primary,cuda,10.0,34.0,train_full
DL_MLP_L20,test,0.4974999999999999,0.4916666666666666,0.4924771536769541,0.564729867482161,0.4769285961159016,0.4920071047957371,0.6626794258373205,0.4909747292418772,0.3222748815165877,0.487443025918955,-0.0160015653756197,0.7457636172426194,0.2731311206223758,277,286,136,141,0.6702380952380952,0.4976190476190476,1.0,840,deep_learning,MLP,,,,val_f1_macro,,dl,DL_MLP_L20,current_unified_test_run,full_common_metrics,primary,cuda,20.0,8.0,train_full
DL_MLP_L20_th05,test,0.5,0.4964285714285714,0.497193813918683,0.5652620760534429,0.4834796943209223,0.4954954954954955,0.6578947368421053,0.4982456140350877,0.3364928909952606,0.487443025918955,-0.0059268223053783,0.7457636172426194,0.2731311206223758,275,280,142,143,0.6607142857142857,0.4976190476190476,1.0,840,deep_learning,MLP,,,,fixed_0.5,,dl,DL_MLP_L20,current_unified_test_run,full_common_metrics,primary,cuda,20.0,8.0,train_full
DL_GRU_L20,test,0.5025,0.5,0.499138302455838,0.3877551020408163,0.4826099453866053,0.4962686567164179,0.3181818181818182,0.5017482517482518,0.6800947867298578,0.5035658404952493,-0.0018486887817275,0.6971354817323481,0.2519677304522124,133,135,287,285,0.319047619047619,0.4976190476190476,1.0,840,deep_learning,GRU,,,,val_f1_macro,,dl,DL_GRU_L20,current_unified_test_run,full_common_metrics,primary,cuda,20.0,3.0,train_full
DL_GRU_L20_th05,test,0.5,0.5023809523809524,0.50157599945577,0.3994252873563218,0.487314269694421,0.5,0.3325358851674641,0.50355871886121,0.6706161137440758,0.5035658404952493,0.0033491906450679,0.6971354817323481,0.2519677304522124,139,139,283,279,0.3309523809523809,0.4976190476190476,1.0,840,deep_learning,GRU,,,,fixed_0.5,,dl,DL_GRU_L20,current_unified_test_run,full_common_metrics,primary,cuda,20.0,3.0,train_full
DL_MLP_L40,test,0.4999999999999999,0.5095238095238095,0.5090251479625388,0.4506666666666666,0.5038279569892473,0.5090361445783133,0.4043062200956938,0.5098425196850394,0.6137440758293838,0.5142633619809973,0.0184598341439922,0.716222845816389,0.2603086371782852,169,163,259,249,0.3952380952380952,0.4976190476190476,1.0,840,deep_learning,MLP,,,,val_f1_macro,,dl,DL_MLP_L40,current_unified_test_run,full_common_metrics,primary,cuda,40.0,5.0,train_full
DL_MLP_L40_th05,test,0.5,0.5095238095238095,0.5090251479625388,0.4506666666666666,0.5038279569892473,0.5090361445783133,0.4043062200956938,0.5098425196850394,0.6137440758293838,0.5142633619809973,0.0184598341439922,0.716222845816389,0.2603086371782852,169,163,259,249,0.3952380952380952,0.4976190476190476,1.0,840,deep_learning,MLP,,,,fixed_0.5,,dl,DL_MLP_L40,current_unified_test_run,full_common_metrics,primary,cuda,40.0,5.0,train_full
DL_GRU_L40,test,0.5175,0.5190476190476191,0.518537835325064,0.4598930481283422,0.5132083266392784,0.5212121212121212,0.4114832535885167,0.5176470588235295,0.6255924170616114,0.5362139731059661,0.0379569514151995,0.716575634327421,0.2602419328141412,172,158,264,246,0.3928571428571428,0.4976190476190476,1.0,840,deep_learning,GRU,,,,val_f1_macro,,dl,DL_GRU_L40,current_unified_test_run,full_common_metrics,primary,cuda,40.0,27.0,train_full
DL_GRU_L40_th05,test,0.5,0.5166666666666667,0.5163155627111726,0.4768041237113402,0.5138445397317764,0.5167597765363129,0.4425837320574162,0.516597510373444,0.590047393364929,0.5362139731059661,0.0329922083665435,0.716575634327421,0.2602419328141412,185,173,249,233,0.4261904761904762,0.4976190476190476,1.0,840,deep_learning,GRU,,,,fixed_0.5,,dl,DL_GRU_L40,current_unified_test_run,full_common_metrics,primary,cuda,40.0,27.0,train_full
